id,name
0,user 0
1,user 1
2,user 2
3,user 3
4,user 4
5,user 5
6,user 6
7,user 7
8,user 8
9,user 9
10,user 10
11,user 11
12,user 12
13,user 13
14,user 14
15,user 15
16,user 16
17,user 17
18,user 18
19,user 19
20,user 20
21,user 21
22,user 22
23,user 23
24,user 24
25,user 25
26,user 26
27,user 27
28,user 28
29,user 29
30,user 30
31,user 31
32,user 32
33,user 33
34,user 34
35,user 35
36,user 36
37,user 37
38,user 38
39,user 39
40,user 40
41,user 41
42,user 42
43,user 43
44,user 44
45,user 45
46,user 46
47,user 47
48,user 48
49,user 49
50,user 50
51,user 51
52,user 52
53,user 53
54,user 54
55,user 55
56,user 56
57,user 57
58,user 58
59,user 59
60,user 60
61,user 61
62,user 62
63,user 63
64,user 64
65,user 65
66,user 66
67,user 67
68,user 68
69,user 69
70,user 70
71,user 71
72,user 72
73,user 73
74,user 74
75,user 75
76,user 76
77,user 77
78,user 78
79,user 79
80,user 80
81,user 81
82,user 82
83,user 83
84,user 84
85,user 85
86,user 86
87,user 87
88,user 88
89,user 89
90,user 90
91,user 91
92,user 92
93,user 93
94,user 94
95,user 95
96,user 96
97,user 97
98,user 98
99,user 99
100,user 100
101,user 101
102,user 102
103,user 103
104,user 104
105,user 105
106,user 106
107,user 107
108,user 108
109,user 109
110,user 110
111,user 111
112,user 112
113,user 113
114,user 114
115,user 115
116,user 116
117,user 117
118,user 118
119,user 119
120,user 120
121,user 121
122,user 122
123,user 123
124,user 124
125,user 125
126,user 126
127,user 127
128,user 128
129,user 129
130,user 130
131,user 131
132,user 132
133,user 133
134,user 134
135,user 135
136,user 136
137,user 137
138,user 138
139,user 139
140,user 140
141,user 141
142,user 142
143,user 143
144,user 144
145,user 145
146,user 146
147,user 147
148,user 148
149,user 149
150,user 150
151,user 151
152,user 152
153,user 153
154,user 154
155,user 155
156,user 156
157,user 157
158,user 158
159,user 159
160,user 160
161,user 161
162,user 162
163,user 163
164,user 164
165,user 165
166,user 166
167,user 167
168,user 168
169,user 169
170,user 170
171,user 171
172,user 172
173,user 173
174,user 174
175,user 175
176,user 176
177,user 177
178,user 178
179,user 179
180,user 180
181,user 181
182,user 182
183,user 183
184,user 184
185,user 185
186,user 186
187,user 187
188,user 188
189,user 189
190,user 190
191,user 191
192,user 192
193,user 193
194,user 194
195,user 195
196,user 196
197,user 197
198,user 198
199,user 199
200,user 200
201,user 201
202,user 202
203,user 203
204,user 204
205,user 205
206,user 206
207,user 207
208,user 208
209,user 209
210,user 210
211,user 211
212,user 212
213,user 213
214,user 214
215,user 215
216,user 216
217,user 217
218,user 218
219,user 219
220,user 220
221,user 221
222,user 222
223,user 223
224,user 224
225,user 225
226,user 226
227,user 227
228,user 228
229,user 229
230,user 230
231,user 231
232,user 232
233,user 233
234,user 234
235,user 235
236,user 236
237,user 237
238,user 238
239,user 239
240,user 240
241,user 241
242,user 242
243,user 243
244,user 244
245,user 245
246,user 246
247,user 247
248,user 248
249,user 249
250,user 250
251,user 251
252,user 252
253,user 253
254,user 254
255,user 255
256,user 256
257,user 257
258,user 258
259,user 259
260,user 260
261,user 261
262,user 262
263,user 263
264,user 264
265,user 265
266,user 266
267,user 267
268,user 268
269,user 269
270,user 270
271,user 271
272,user 272
273,user 273
274,user 274
275,user 275
276,user 276
277,user 277
278,user 278
279,user 279
280,user 280
281,user 281
282,user 282
283,user 283
284,user 284
285,user 285
286,user 286
287,user 287
288,user 288
289,user 289
290,user 290
291,user 291
292,user 292
293,user 293
294,user 294
295,user 295
296,user 296
297,user 297
298,user 298
299,user 299
300,user 300
301,user 301
302,user 302
303,user 303
304,user 304
305,user 305
306,user 306
307,user 307
308,user 308
309,user 309
310,user 310
311,user 311
312,user 312
313,user 313
314,user 314
315,user 315
316,user 316
317,user 317
318,user 318
319,user 319
320,user 320
321,user 321
322,user 322
323,user 323
324,user 324
325,user 325
326,user 326
327,user 327
328,user 328
329,user 329
330,user 330
331,user 331
332,user 332
333,user 333
334,user 334
335,user 335
336,user 336
337,user 337
338,user 338
339,user 339
340,user 340
341,user 341
342,user 342
343,user 343
344,user 344
345,user 345
346,user 346
347,user 347
348,user 348
349,user 349
350,user 350
351,user 351
352,user 352
353,user 353
354,user 354
355,user 355
356,user 356
357,user 357
358,user 358
359,user 359
360,user 360
361,user 361
362,user 362
363,user 363
364,user 364
365,user 365
366,user 366
367,user 367
368,user 368
369,user 369
370,user 370
371,user 371
372,user 372
373,user 373
374,user 374
375,user 375
376,user 376
377,user 377
378,user 378
379,user 379
380,user 380
381,user 381
382,user 382
383,user 383
384,user 384
385,user 385
386,user 386
387,user 387
388,user 388
389,user 389
390,user 390
391,user 391
392,user 392
393,user 393
394,user 394
395,user 395
396,user 396
397,user 397
398,user 398
399,user 399
400,user 400
401,user 401
402,user 402
403,user 403
404,user 404
405,user 405
406,user 406
407,user 407
408,user 408
409,user 409
410,user 410
411,user 411
412,user 412
413,user 413
414,user 414
415,user 415
416,user 416
417,user 417
418,user 418
419,user 419
420,user 420
421,user 421
422,user 422
423,user 423
424,user 424
425,user 425
426,user 426
427,user 427
428,user 428
429,user 429
430,user 430
431,user 431
432,user 432
433,user 433
434,user 434
435,user 435
436,user 436
437,user 437
438,user 438
439,user 439
440,user 440
441,user 441
442,user 442
443,user 443
444,user 444
445,user 445
446,user 446
447,user 447
448,user 448
449,user 449
450,user 450
451,user 451
452,user 452
453,user 453
454,user 454
455,user 455
456,user 456
457,user 457
458,user 458
459,user 459
460,user 460
461,user 461
462,user 462
463,user 463
464,user 464
465,user 465
466,user 466
467,user 467
468,user 468
469,user 469
470,user 470
471,user 471
472,user 472
473,user 473
474,user 474
475,user 475
476,user 476
477,user 477
478,user 478
479,user 479
480,user 480
481,user 481
482,user 482
483,user 483
484,user 484
485,user 485
486,user 486
487,user 487
488,user 488
489,user 489
490,user 490
491,user 491
492,user 492
493,user 493
494,user 494
495,user 495
496,user 496
497,user 497
498,user 498
499,user 499
500,user 500
501,user 501
502,user 502
503,user 503
504,user 504
505,user 505
506,user 506
507,user 507
508,user 508
509,user 509
510,user 510
511,user 511
512,user 512
513,user 513
514,user 514
515,user 515
516,user 516
517,user 517
518,user 518
519,user 519
520,user 520
521,user 521
522,user 522
523,user 523
524,user 524
525,user 525
526,user 526
527,user 527
528,user 528
529,user 529
530,user 530
531,user 531
532,user 532
533,user 533
534,user 534
535,user 535
536,user 536
537,user 537
538,user 538
539,user 539
540,user 540
541,user 541
542,user 542
543,user 543
544,user 544
545,user 545
546,user 546
547,user 547
548,user 548
549,user 549
550,user 550
551,user 551
552,user 552
553,user 553
554,user 554
555,user 555
556,user 556
557,user 557
558,user 558
559,user 559
560,user 560
561,user 561
562,user 562
563,user 563
564,user 564
565,user 565
566,user 566
567,user 567
568,user 568
569,user 569
570,user 570
571,user 571
572,user 572
573,user 573
574,user 574
575,user 575
576,user 576
577,user 577
578,user 578
579,user 579
580,user 580
581,user 581
582,user 582
583,user 583
584,user 584
585,user 585
586,user 586
587,user 587
588,user 588
589,user 589
590,user 590
591,user 591
592,user 592
593,user 593
594,user 594
595,user 595
596,user 596
597,user 597
598,user 598
599,user 599
600,user 600
601,user 601
602,user 602
603,user 603
604,user 604
605,user 605
606,user 606
607,user 607
608,user 608
609,user 609
610,user 610
611,user 611
612,user 612
613,user 613
614,user 614
615,user 615
616,user 616
617,user 617
618,user 618
619,user 619
620,user 620
621,user 621
622,user 622
623,user 623
624,user 624
625,user 625
626,user 626
627,user 627
628,user 628
629,user 629
630,user 630
631,user 631
632,user 632
633,user 633
634,user 634
635,user 635
636,user 636
637,user 637
638,user 638
639,user 639
640,user 640
641,user 641
642,user 642
643,user 643
644,user 644
645,user 645
646,user 646
647,user 647
648,user 648
649,user 649
650,user 650
651,user 651
652,user 652
653,user 653
654,user 654
655,user 655
656,user 656
657,user 657
658,user 658
659,user 659
660,user 660
661,user 661
662,user 662
663,user 663
664,user 664
665,user 665
666,user 666
667,user 667
668,user 668
669,user 669
670,user 670
671,user 671
672,user 672
673,user 673
674,user 674
675,user 675
676,user 676
677,user 677
678,user 678
679,user 679
680,user 680
681,user 681
682,user 682
683,user 683
684,user 684
685,user 685
686,user 686
687,user 687
688,user 688
689,user 689
690,user 690
691,user 691
692,user 692
693,user 693
694,user 694
695,user 695
696,user 696
697,user 697
698,user 698
699,user 699
700,user 700
701,user 701
702,user 702
703,user 703
704,user 704
705,user 705
706,user 706
707,user 707
708,user 708
709,user 709
710,user 710
711,user 711
712,user 712
713,user 713
714,user 714
715,user 715
716,user 716
717,user 717
718,user 718
719,user 719
720,user 720
721,user 721
722,user 722
723,user 723
724,user 724
725,user 725
726,user 726
727,user 727
728,user 728
729,user 729
730,user 730
731,user 731
732,user 732
733,user 733
734,user 734
735,user 735
736,user 736
737,user 737
738,user 738
739,user 739
740,user 740
741,user 741
742,user 742
743,user 743
744,user 744
745,user 745
746,user 746
747,user 747
748,user 748
749,user 749
750,user 750
751,user 751
752,user 752
753,user 753
754,user 754
755,user 755
756,user 756
757,user 757
758,user 758
759,user 759
760,user 760
761,user 761
762,user 762
763,user 763
764,user 764
765,user 765
766,user 766
767,user 767
768,user 768
769,user 769
770,user 770
771,user 771
772,user 772
773,user 773
774,user 774
775,user 775
776,user 776
777,user 777
778,user 778
779,user 779
780,user 780
781,user 781
782,user 782
783,user 783
784,user 784
785,user 785
786,user 786
787,user 787
788,user 788
789,user 789
790,user 790
791,user 791
792,user 792
793,user 793
794,user 794
795,user 795
796,user 796
797,user 797
798,user 798
799,user 799
800,user 800
801,user 801
802,user 802
803,user 803
804,user 804
805,user 805
806,user 806
807,user 807
808,user 808
809,user 809
810,user 810
811,user 811
812,user 812
813,user 813
814,user 814
815,user 815
816,user 816
817,user 817
818,user 818
819,user 819
820,user 820
821,user 821
822,user 822
823,user 823
824,user 824
825,user 825
826,user 826
827,user 827
828,user 828
829,user 829
830,user 830
831,user 831
832,user 832
833,user 833
834,user 834
835,user 835
836,user 836
837,user 837
838,user 838
839,user 839
840,user 840
841,user 841
842,user 842
843,user 843
844,user 844
845,user 845
846,user 846
847,user 847
848,user 848
849,user 849
850,user 850
851,user 851
852,user 852
853,user 853
854,user 854
855,user 855
856,user 856
857,user 857
858,user 858
859,user 859
860,user 860
861,user 861
862,user 862
863,user 863
864,user 864
865,user 865
866,user 866
867,user 867
868,user 868
869,user 869
870,user 870
871,user 871
872,user 872
873,user 873
874,user 874
875,user 875
876,user 876
877,user 877
878,user 878
879,user 879
880,user 880
881,user 881
882,user 882
883,user 883
884,user 884
885,user 885
886,user 886
887,user 887
888,user 888
889,user 889
890,user 890
891,user 891
892,user 892
893,user 893
894,user 894
895,user 895
896,user 896
897,user 897
898,user 898
899,user 899
900,user 900
901,user 901
902,user 902
903,user 903
904,user 904
905,user 905
906,user 906
907,user 907
908,user 908
909,user 909
910,user 910
911,user 911
912,user 912
913,user 913
914,user 914
915,user 915
916,user 916
917,user 917
918,user 918
919,user 919
920,user 920
921,user 921
922,user 922
923,user 923
924,user 924
925,user 925
926,user 926
927,user 927
928,user 928
929,user 929
930,user 930
931,user 931
932,user 932
933,user 933
934,user 934
935,user 935
936,user 936
937,user 937
938,user 938
939,user 939
940,user 940
941,user 941
942,user 942
943,user 943
944,user 944
945,user 945
946,user 946
947,user 947
948,user 948
949,user 949
950,user 950
951,user 951
952,user 952
953,user 953
954,user 954
955,user 955
956,user 956
957,user 957
958,user 958
959,user 959
960,user 960
961,user 961
962,user 962
963,user 963
964,user 964
965,user 965
966,user 966
967,user 967
968,user 968
969,user 969
970,user 970
971,user 971
972,user 972
973,user 973
974,user 974
975,user 975
976,user 976
977,user 977
978,user 978
979,user 979
980,user 980
981,user 981
982,user 982
983,user 983
984,user 984
985,user 985
986,user 986
987,user 987
988,user 988
989,user 989
990,user 990
991,user 991
992,user 992
993,user 993
994,user 994
995,user 995
996,user 996
997,user 997
998,user 998
999,user 999
